,Name,Brand,Price,Image_URL,Product_URL
0,Maya Petite Bridesmaid short sleeve maxi tulle dress with tonal delicate sequins in navy,Maya Petite,€137.99,images.asos-media.com/products/maya-petite-bridesmaid-short-sleeve-maxi-tulle-dress-with-tonal-delicate-sequins-in-navy/201395104-1-navy,maya-petite/maya-petite-bridesmaid-short-sleeve-maxi-tulle-dress-with-tonal-delicate-sequins-in-navy/prd/201395104#colourWayId-201395108
1,adidas Originals Gazelle Bold platform trainers in cream/green with gum sole,adidas Originals,€120.00,images.asos-media.com/products/adidas-originals-gazelle-bold-platform-trainers-in-cream-green-with-gum-sole/204837346-1-cream,adidas-originals/adidas-originals-gazelle-bold-platform-trainers-in-cream-green-with-gum-sole/prd/204837346#colourWayId-204837347
2,Vero Moda textured long sleeved top and maxi skirt co-ord in chocolate brown,Vero Moda,€87.98,images.asos-media.com/groups/vero-moda-textured-long-sleeved-top-and-maxi-skirt-co-ord-in-chocolate-brown/206149709-group-1,vero-moda/vero-moda-textured-long-sleeved-top-and-maxi-skirt-co-ord-in-chocolate-brown/grp/206149709
3,4th & Reckless Dianna lounge tracksuit in grey marl,4th & Reckless,€103.98,images.asos-media.com/groups/4th-reckless-dianna-lounge-tracksuit-in-grey-marl/206161792-group-1,4th-reckless/4th-reckless-dianna-lounge-tracksuit-in-grey-marl/grp/206161792#colourWayId-205599726
4,ASOS DESIGN halter crochet knit maxi beach dress in black,ASOS DESIGN,€49.99,images.asos-media.com/products/asos-design-halter-crochet-knit-maxi-beach-dress-in-black/205870366-1-black,asos-design/asos-design-halter-crochet-knit-maxi-beach-dress-in-black/prd/205870366#colourWayId-205870367
5,ASOS DESIGN off shoulder linen maxi dress with knot detail in chocolate,ASOS DESIGN,€39.99,images.asos-media.com/products/asos-design-off-shoulder-linen-maxi-dress-with-knot-detail-in-chocolate/205511821-1-chocolate,asos-design/asos-design-off-shoulder-linen-maxi-dress-with-knot-detail-in-chocolate/prd/205511821#colourWayId-205511822
6,ASOS DESIGN Petite mesh long sleeve dobby polka dot flock bodysuit in black,ASOS Petite,€32.99,images.asos-media.com/products/asos-design-petite-mesh-long-sleeve-dobby-polka-dot-flock-bodysuit-in-black/203915181-1-black,asos-petite/asos-design-petite-mesh-long-sleeve-dobby-polka-dot-flock-bodysuit-in-black/prd/203915181#colourWayId-203915182
7,ASOS DESIGN mesh bodysuit in chocolate,ASOS DESIGN,€22.99,images.asos-media.com/products/asos-design-mesh-bodysuit-in-chocolate/204971221-1-chocolate,asos-design/asos-design-mesh-bodysuit-in-chocolate/prd/204971221#colourWayId-204971225
8,ASOS DESIGN quilt lined harrington jacket in black,ASOS DESIGN,€59.99,images.asos-media.com/products/asos-design-quilt-lined-harrington-jacket-in-black/204668970-1-black,asos-design/asos-design-quilt-lined-harrington-jacket-in-black/prd/204668970#colourWayId-204668972
9,ASOS DESIGN brushed bomber jacket in charcoal,ASOS DESIGN,€74.99,images.asos-media.com/products/asos-design-brushed-bomber-jacket-in-charcoal/204874504-1-charcoal,asos-design/asos-design-brushed-bomber-jacket-in-charcoal/prd/204874504#colourWayId-204874515
10,Topshop Joni jeans in black,Topshop,€47.99,images.asos-media.com/products/topshop-joni-jeans-in-black/201857598-1-black,topshop/topshop-joni-jeans-in-black/prd/201857598#colourWayId-201857616
11,Topshop Jamie flare jeans in black,Topshop,€54.99,images.asos-media.com/products/topshop-jamie-flare-jeans-in-black/203038284-1-black,topshop/topshop-jamie-flare-jeans-in-black/prd/203038284#colourWayId-203038288
12,Nike Air Max 1 trainers in leopard print,Nike,€159.99,images.asos-media.com/products/nike-air-max-1-trainers-in-leopard-print/205298253-1-beige,nike/nike-air-max-1-trainers-in-leopard-print/prd/205298253#colourWayId-205298270
13,ellesse Panaro cupsole trainers in white and blue,ellesse,€94.99,images.asos-media.com/products/ellesse-panaro-cupsole-trainers-in-white-and-blue/205020164-1-white,ellesse/ellesse-panaro-cupsole-trainers-in-white-and-blue/prd/205020164#colourWayId-205020165
14,Topshop 80s clean short sleeve top in stone,Topshop,€39.99,images.asos-media.com/products/topshop-80s-clean-short-sleeve-top-in-stone/205806874-1-stone,topshop/topshop-80s-clean-short-sleeve-top-in-stone/prd/205806874#colourWayId-205806875
15,Topshop clean square neck long sleeve top in black,Topshop,€27.99,images.asos-media.com/products/topshop-clean-square-neck-long-sleeve-top-in-black/205618677-1-black,topshop/topshop-clean-square-neck-long-sleeve-top-in-black/prd/205618677#colourWayId-205618688
16,ASOS DESIGN button through waistcoat & maxi skirt in stone co-ord,ASOS DESIGN,€54.98,images.asos-media.com/groups/asos-design-button-through-waistcoat-maxi-skirt-in-stone-co-ord/206168821-group-1,asos-design/asos-design-button-through-waistcoat-maxi-skirt-in-stone-co-ord/grp/206168821
17,Candypants tie dye bikini in multi,Candypants,€48.98,images.asos-media.com/groups/candypants-tie-dye-bikini-in-multi/206182929-group-1,candypants/candypants-tie-dye-bikini-in-multi/grp/206182929
18,South Beach Curve zebra print oversized beach shirt in brown,South Beach Curve,€52.99,images.asos-media.com/products/south-beach-curve-zebra-print-oversized-beach-shirt-in-brown/205458705-1-brown,south-beach-curve/south-beach-curve-zebra-print-oversized-beach-shirt-in-brown/prd/205458705#colourWayId-205458714
19,South Beach oversized zebra print beach shirt co-ord in brown,South Beach,€52.99,images.asos-media.com/products/south-beach-oversized-zebra-print-beach-shirt-co-ord-in-brown/205458708-1-brown,south-beach/south-beach-zebra-print-beach-co-ord-in-brown/grp/206129734#colourWayId-205458715&productId-205458708
20,ONLY Emily high waist straight leg ankle jean in wash black,ONLY,€43.99,images.asos-media.com/products/only-emily-high-waist-straight-leg-ankle-jean-in-wash-black/205646310-1-blackdenim,only/only-emily-high-waist-straight-leg-ankle-jean-in-wash-black/prd/205646310#colourWayId-205646311
21,Topshop Editor jeans in bleach,Topshop,€64.99,images.asos-media.com/products/topshop-editor-jeans-in-bleach/205685208-1-bleach,topshop/topshop-editor-jeans-in-bleach/prd/205685208#colourWayId-205685210
22,Maya Maternity Bridesmaid long sleeve maxi tulle dress with tonal delicate sequin in muted blush,Maya Maternity,€145.99,images.asos-media.com/products/maya-maternity-bridesmaid-long-sleeve-maxi-tulle-dress-with-tonal-delicate-sequin-in-muted-blush/201394554-1-mutedblush,maya-maternity/maya-maternity-bridesmaid-long-sleeve-maxi-tulle-dress-with-tonal-delicate-sequin-in-muted-blush/prd/201394554#colourWayId-201394562
23,Maya Petite Bridesmaid short sleeve maxi tulle dress with tonal delicate sequins in muted blush,Maya Petite,€137.99,images.asos-media.com/products/maya-petite-bridesmaid-short-sleeve-maxi-tulle-dress-with-tonal-delicate-sequins-in-muted-blush/201395057-1-mutedblush,maya-petite/maya-petite-bridesmaid-short-sleeve-maxi-tulle-dress-with-tonal-delicate-sequins-in-muted-blush/prd/201395057#colourWayId-201395058
24,Maya Petite Bridesmaid halter neck midi tulle dress with tonal delicate sequins in muted blush,Maya Petite,€117.99,images.asos-media.com/products/maya-petite-bridesmaid-halter-neck-midi-tulle-dress-with-tonal-delicate-sequins-in-muted-blush/201395174-1-mutedblush,maya-petite/maya-petite-bridesmaid-halter-neck-midi-tulle-dress-with-tonal-delicate-sequins-in-muted-blush/prd/201395174#colourWayId-201395187
25,Maya Maternity Bridesmaid short sleeve maxi tulle dress with tonal delicate sequins in muted blush,Maya Maternity,€137.99,images.asos-media.com/products/maya-maternity-bridesmaid-short-sleeve-maxi-tulle-dress-with-tonal-delicate-sequins-in-muted-blush/201394617-1-mutedblush,maya-maternity/maya-maternity-bridesmaid-short-sleeve-maxi-tulle-dress-with-tonal-delicate-sequins-in-muted-blush/prd/201394617#colourWayId-201394642
26,Maya Petite Bridesmaid long sleeve maxi dress with delicate sequin in muted blush,Maya Petite,€145.99,images.asos-media.com/products/maya-petite-bridesmaid-long-sleeve-maxi-dress-with-delicate-sequin-in-muted-blush/201395004-1-mutedblush,maya-petite/maya-petite-bridesmaid-long-sleeve-maxi-dress-with-delicate-sequin-in-muted-blush/prd/201395004#colourWayId-201395012
27,Maya Petite Bridesmaid long sleeve maxi tulle dress with tonal delicate sequin in navy,Maya Petite,€145.99,images.asos-media.com/products/maya-petite-bridesmaid-long-sleeve-maxi-tulle-dress-with-tonal-delicate-sequin-in-navy/201395028-1-navy,maya-petite/maya-petite-bridesmaid-long-sleeve-maxi-tulle-dress-with-tonal-delicate-sequin-in-navy/prd/201395028#colourWayId-201395029
28,Maya Maternity Bridesmaid long sleeve maxi dress with delicate sequin in navy,Maya Maternity,€145.99,images.asos-media.com/products/maya-maternity-bridesmaid-long-sleeve-maxi-dress-with-delicate-sequin-in-navy/201394595-1-navy,maya-maternity/maya-maternity-bridesmaid-long-sleeve-maxi-dress-with-delicate-sequin-in-navy/prd/201394595#colourWayId-201394605
29,Maya Tall Bridesmaid short sleeve maxi tulle dress with tonal delicate sequins in sage green,Maya Tall,€137.99,images.asos-media.com/products/maya-tall-bridesmaid-short-sleeve-maxi-tulle-dress-with-tonal-delicate-sequins-in-sage-green/201395819-1-sagegreen,maya-tall/maya-tall-bridesmaid-short-sleeve-maxi-tulle-dress-with-tonal-delicate-sequins-in-sage-green/prd/201395819#colourWayId-201395820
30,Maya Petite Bridesmaid short sleeve maxi tulle dress with tonal delicate sequins in sage green,Maya Petite,€137.99,images.asos-media.com/products/maya-petite-bridesmaid-short-sleeve-maxi-tulle-dress-with-tonal-delicate-sequins-in-sage-green/201395163-1-sagegreen,maya-petite/maya-petite-bridesmaid-short-sleeve-maxi-tulle-dress-with-tonal-delicate-sequins-in-sage-green/prd/201395163#colourWayId-201395164
31,Maya Maternity Bridesmaid long sleeve maxi dress with delicate sequin in sage green,Maya Maternity,€145.99,images.asos-media.com/products/maya-maternity-bridesmaid-long-sleeve-maxi-dress-with-delicate-sequin-in-sage-green/201394640-1-sagegreen,maya-maternity/maya-maternity-bridesmaid-long-sleeve-maxi-dress-with-delicate-sequin-in-sage-green/prd/201394640#colourWayId-201394650
32,Maya Maternity Bridesmaid short sleeve maxi tulle dress with tonal delicate sequins in sage green,Maya Maternity,€137.99,images.asos-media.com/products/maya-maternity-bridesmaid-short-sleeve-maxi-tulle-dress-with-tonal-delicate-sequins-in-sage-green/201394665-1-sagegreen,maya-maternity/maya-maternity-bridesmaid-short-sleeve-maxi-tulle-dress-with-tonal-delicate-sequins-in-sage-green/prd/201394665#colourWayId-201394679
33,Moda Minx Amour gold crystal triangle bikini top in black,Moda Minx,€36.99,images.asos-media.com/products/moda-minx-amour-gold-crystal-triangle-bikini-top-in-black/202036565-1-black,moda-minx/moda-minx-amour-gold-crystal-triangle-bikini-top-in-black/prd/202036565#colourWayId-202036574
34,Moda Minx Amour gold crystal tie side brazilian bikini bottoms in black,Moda Minx,€36.99,images.asos-media.com/products/moda-minx-amour-gold-crystal-tie-side-brazilian-bikini-bottoms-in-black/202036696-1-black,moda-minx/moda-minx-amour-gold-crystal-tie-side-brazilian-bikini-bottoms-in-black/prd/202036696#colourWayId-202036703
35,TFNC Petite Bridesmaid flutter sleeve ruffle detail maxi dress in navy,TFNC Petite,€89.99,images.asos-media.com/products/tfnc-petite-bridesmaid-flutter-sleeve-ruffle-detail-maxi-dress-in-navy/202952012-1-navy,tfnc-petite/tfnc-petite-bridesmaid-flutter-sleeve-ruffle-detail-maxi-dress-in-navy/prd/202952012#colourWayId-202952013
36,TFNC Bridesmaid flutter sleeve ruffle detail maxi dress in sage,TFNC,€89.99,images.asos-media.com/products/tfnc-bridesmaid-flutter-sleeve-ruffle-detail-maxi-dress-in-sage/202617051-1-sagegreen,tfnc/tfnc-bridesmaid-flutter-sleeve-ruffle-detail-maxi-dress-in-sage/prd/202617051#colourWayId-202617052
37,TFNC Tall Bridesmaid flutter sleeve ruffle detail maxi dress in blush,TFNC Tall,€89.99,images.asos-media.com/products/tfnc-tall-bridesmaid-flutter-sleeve-ruffle-detail-maxi-dress-in-blush/202934371-1-blush,tfnc-tall/tfnc-tall-bridesmaid-flutter-sleeve-ruffle-detail-maxi-dress-in-blush/prd/202934371#colourWayId-202934372
38,TFNC Bridesmaid flutter sleeve ruffle detail maxi dress in navy,TFNC,€89.99,images.asos-media.com/products/tfnc-bridesmaid-flutter-sleeve-ruffle-detail-maxi-dress-in-navy/202950641-1-navy,tfnc/tfnc-bridesmaid-flutter-sleeve-ruffle-detail-maxi-dress-in-navy/prd/202950641#colourWayId-202950642
39,TFNC Petite Bridesmaid flutter sleeve ruffle detail maxi dress in blush,TFNC Petite,€89.99,images.asos-media.com/products/tfnc-petite-bridesmaid-flutter-sleeve-ruffle-detail-maxi-dress-in-blush/202953892-1-blush,tfnc-petite/tfnc-petite-bridesmaid-flutter-sleeve-ruffle-detail-maxi-dress-in-blush/prd/202953892#colourWayId-202953903
40,TFNC Tall Bridesmaid flutter sleeve ruffle detail maxi dress in sage,TFNC Tall,€89.99,images.asos-media.com/products/tfnc-tall-bridesmaid-flutter-sleeve-ruffle-detail-maxi-dress-in-sage/202934390-1-sage,tfnc-tall/tfnc-tall-bridesmaid-flutter-sleeve-ruffle-detail-maxi-dress-in-sage/prd/202934390#colourWayId-202934391
41,TFNC Petite Bridesmaid flutter sleeve ruffle detail maxi dress in sage,TFNC Petite,€89.99,images.asos-media.com/products/tfnc-petite-bridesmaid-flutter-sleeve-ruffle-detail-maxi-dress-in-sage/202952520-1-sage,tfnc-petite/tfnc-petite-bridesmaid-flutter-sleeve-ruffle-detail-maxi-dress-in-sage/prd/202952520#colourWayId-202952534
42,Maya Petite Bridesmaid long sleeve maxi dress with delicate sequin in sage green,Maya Petite,€145.99,images.asos-media.com/products/maya-petite-bridesmaid-long-sleeve-maxi-dress-with-delicate-sequin-in-sage-green/203657989-1-sagegreen,maya-petite/maya-petite-bridesmaid-long-sleeve-maxi-dress-with-delicate-sequin-in-sage-green/prd/203657989#colourWayId-203657990
43,ASOS DESIGN grown on neck mini dress with ruched sides in stone,ASOS DESIGN,€17.99,images.asos-media.com/products/asos-design-grown-on-neck-mini-dress-with-ruched-sides-in-stone/204400504-1-stone,asos-design/asos-design-grown-on-neck-mini-dress-with-ruched-sides-in-stone/prd/204400504#colourWayId-204400515
44,Anaya Petite Bridesmaid tulle one shoulder maxi dress in navy,Anaya Petite,€108.75,images.asos-media.com/products/anaya-petite-bridesmaid-tulle-one-shoulder-maxi-dress-in-navy/204533413-1-navy,anaya-petite/anaya-petite-bridesmaid-tulle-one-shoulder-maxi-dress-in-navy/prd/204533413#colourWayId-204533414
45,Anaya Petite Bridesmaid tulle one shoulder maxi dress in sage green,Anaya Petite,€108.75,images.asos-media.com/products/anaya-petite-bridesmaid-tulle-one-shoulder-maxi-dress-in-sage-green/204538068-1-sage,anaya-petite/anaya-petite-bridesmaid-tulle-one-shoulder-maxi-dress-in-sage-green/prd/204538068#colourWayId-204538070
46,ASOS DESIGN sleeveless maxi dress with buttons and tie detail in khaki,ASOS DESIGN,€35.99,images.asos-media.com/products/asos-design-sleeveless-maxi-dress-with-buttons-and-tie-detail-in-khaki/204069074-1-khaki,asos-design/asos-design-sleeveless-maxi-dress-with-buttons-and-tie-detail-in-khaki/prd/204069074#colourWayId-204069076
47,ASOS DESIGN ribbed scoop neck midi dress with dropped waist in black,ASOS DESIGN,€32.99,images.asos-media.com/products/asos-design-ribbed-scoop-neck-midi-dress-with-dropped-waist-in-black/204546586-1-black,asos-design/asos-design-ribbed-scoop-neck-midi-dress-with-dropped-waist-in-black/prd/204546586#colourWayId-204546597
48,Maya Tall Bridesmaid short sleeve maxi tulle dress with tonal delicate sequin in navy,Maya Tall,€137.99,images.asos-media.com/products/maya-tall-bridesmaid-short-sleeve-maxi-tulle-dress-with-tonal-delicate-sequin-in-navy/203657997-1-navy,maya-tall/maya-tall-bridesmaid-short-sleeve-maxi-tulle-dress-with-tonal-delicate-sequin-in-navy/prd/203657997#colourWayId-203657998
49,ASOS DESIGN Curve racer front ribbed midi tank dress in black,ASOS Curve,€17.99,images.asos-media.com/products/asos-design-curve-racer-front-ribbed-midi-tank-dress-in-black/204542528-1-black,asos-curve/asos-design-curve-racer-front-ribbed-midi-tank-dress-in-black/prd/204542528#colourWayId-204542536
50,ASOS DESIGN draped one shoulder maxi dress in sage,ASOS DESIGN,€37.99,images.asos-media.com/products/asos-design-draped-one-shoulder-maxi-dress-in-sage/204787375-1-sage,asos-design/asos-design-draped-one-shoulder-maxi-dress-in-sage/prd/204787375#colourWayId-204787378
51,Only denim midi skirt with front split in mid blue,ONLY,€50.99,images.asos-media.com/products/only-denim-midi-skirt-with-front-split-in-mid-blue/205143297-1-midblue,only/only-denim-midi-skirt-with-front-split-in-mid-blue/prd/205143297#colourWayId-205143298
52,ASOS DESIGN slash neck open back skort dress in black,ASOS DESIGN,€30.99,images.asos-media.com/products/asos-design-slash-neck-open-back-skort-dress-in-black/205509972-1-black,asos-design/asos-design-slash-neck-open-back-skort-dress-in-black/prd/205509972#colourWayId-205509973
53,ASOS DESIGN cropped trench coat in olive,ASOS DESIGN,€54.99,images.asos-media.com/products/asos-design-cropped-trench-coat-in-olive/205203560-1-olive,asos-design/asos-design-cropped-trench-coat-in-olive/prd/205203560#colourWayId-205203561
54,Anaya Bridesmaid tulle one shoulder maxi dress in pink,Anaya,€108.75,images.asos-media.com/products/anaya-bridesmaid-tulle-one-shoulder-maxi-dress-in-pink/204532536-1-pink,anaya/anaya-bridesmaid-tulle-one-shoulder-maxi-dress-in-pink/prd/204532536#colourWayId-204532553
55,ASOS DESIGN one sleeve cut out maxi dress in black,ASOS DESIGN,€34.99,images.asos-media.com/products/asos-design-one-sleeve-cut-out-maxi-dress-in-black/205694568-1-black,asos-design/asos-design-one-sleeve-cut-out-maxi-dress-in-black/prd/205694568#colourWayId-205694572
56,ASOS DESIGN baby tee with ribbon bow detail in ivory,ASOS DESIGN,€19.99,images.asos-media.com/products/asos-design-baby-tee-with-ribbon-bow-detail-in-ivory/205700093-1-white,asos-design/asos-design-baby-tee-with-ribbon-bow-detail-in-ivory/prd/205700093#colourWayId-205700094
57,ASOS DESIGN mesh cross over neck long sleeve top in black,ASOS DESIGN,€29.99,images.asos-media.com/products/asos-design-mesh-cross-over-neck-long-sleeve-top-in-black/205749891-1-black,asos-design/asos-design-mesh-cross-over-neck-long-sleeve-top-in-black/prd/205749891#colourWayId-205749892
58,ASOS DESIGN long sleeve square fold over bardot mini dress in black,ASOS DESIGN,€27.99,images.asos-media.com/products/asos-design-long-sleeve-square-fold-over-bardot-mini-dress-in-black/205782485-1-black,asos-design/asos-design-long-sleeve-square-fold-over-bardot-mini-dress-in-black/prd/205782485#colourWayId-205782486
59,ASOS DESIGN high apex maxi slip dress in spun in mono spot,ASOS DESIGN,€34.99,images.asos-media.com/products/asos-design-high-apex-maxi-slip-dress-in-spun-in-mono-spot/205570274-1-monospot,asos-design/asos-design-high-apex-maxi-slip-dress-in-spun-in-mono-spot/prd/205570274#colourWayId-205570275
60,ASOS DESIGN faux leather bandeau top co ord with asymmetric hem in chocolate,ASOS DESIGN,€19.99,images.asos-media.com/products/asos-design-faux-leather-bandeau-top-co-ord-with-asymmetric-hem-in-chocolate/205827946-1-chocolate,asos-design/asos-design-faux-leather-bandeau-top-co-ord-with-asymmetric-hem-in-chocolate/prd/205827946#colourWayId-205827950
61,ASOS DESIGN Sienna lace underwired body with sleeves in black,ASOS DESIGN,€32.99,images.asos-media.com/products/asos-design-sienna-lace-underwired-body-with-sleeves-in-black/204960020-1-black,asos-design/asos-design-sienna-lace-underwired-body-with-sleeves-in-black/prd/204960020#colourWayId-204960023
62,ASOS DESIGN slinky base layer top in brown,ASOS DESIGN,€19.99,images.asos-media.com/products/asos-design-slinky-base-layer-top-in-brown/205866938-1-khaki,asos-design/asos-design-slinky-base-layer-top-in-brown/prd/205866938#colourWayId-205866939
63,ASOS DESIGN tie front exaggerated drape maxi dress in bottle green,ASOS DESIGN,€37.99,images.asos-media.com/products/asos-design-tie-front-exaggerated-drape-maxi-dress-in-bottle-green/205870728-1-green,asos-design/asos-design-tie-front-exaggerated-drape-maxi-dress-in-bottle-green/prd/205870728#colourWayId-205870737
64,South Beach high waist high leg bikini bottom in brown metallic,South Beach,€21.99,images.asos-media.com/products/south-beach-high-waist-high-leg-bikini-bottom-in-brown-metallic/205457628-1-brown,south-beach/south-beach-gold-buckle-bikini-in-brown-metallic/grp/205977759#colourWayId-205457629&productId-205457628
65,South Beach Curve halter swimsuit in brown metallic,South Beach Curve,€49.99,images.asos-media.com/products/south-beach-curve-halter-swimsuit-in-brown-metallic/205457733-1-brown,south-beach-curve/south-beach-curve-halter-swimsuit-in-brown-metallic/prd/205457733#colourWayId-205457753
66,South Beach Curve knot high waist zebra bikini bottom in brown,South Beach Curve,€20.99,images.asos-media.com/products/south-beach-curve-knot-high-waist-zebra-bikini-bottom-in-brown/205457740-1-brown,south-beach-curve/south-beach-curve-zebra-print-bikini-in-brown/grp/205977757#colourWayId-205457754&productId-205457740
67,South Beach ruched mini beach skirt in brown metallic,South Beach,€26.99,images.asos-media.com/products/south-beach-ruched-mini-beach-skirt-in-brown-metallic/205457752-1-brown,south-beach/south-beach-ruched-mini-beach-skirt-in-brown-metallic/prd/205457752#colourWayId-205457755
68,South Beach Curve high waist bikini bottom in brown metallic,South Beach Curve,€23.99,images.asos-media.com/products/south-beach-curve-high-waist-bikini-bottom-in-brown-metallic/205457791-1-brown,south-beach-curve/south-beach-curve-gold-buckle-bikini-in-brown-metallic/grp/205977763#colourWayId-205457802&productId-205457791
69,South Beach Curve bandeau gold buckle bikini top in brown metallic,South Beach Curve,€26.99,images.asos-media.com/products/south-beach-curve-bandeau-gold-buckle-bikini-top-in-brown-metallic/205457809-1-brown,south-beach-curve/south-beach-curve-gold-buckle-bikini-in-brown-metallic/grp/205977763#colourWayId-205457819&productId-205457809
70,South Beach halter swimsuit in brown metallic,South Beach,€49.99,images.asos-media.com/products/south-beach-halter-swimsuit-in-brown-metallic/205457828-1-brown,south-beach/south-beach-halter-swimsuit-in-brown-metallic/prd/205457828#colourWayId-205457850
71,South Beach cut out zebra print swimsuit in brown,South Beach,€46.99,images.asos-media.com/products/south-beach-cut-out-zebra-print-swimsuit-in-brown/205457936-1-brown,south-beach/south-beach-cut-out-zebra-print-swimsuit-in-brown/prd/205457936#colourWayId-205457944
72,South Beach bandeau gold buckle bikini top in brown metallic,South Beach,€26.99,images.asos-media.com/products/south-beach-bandeau-gold-buckle-bikini-top-in-brown-metallic/205457938-1-brown,south-beach/south-beach-gold-buckle-bikini-in-brown-metallic/grp/205977759#colourWayId-205457939&productId-205457938
73,South Beach Curve knot front triangle zebra print bikini top in brown,South Beach Curve,€26.99,images.asos-media.com/products/south-beach-curve-knot-front-triangle-zebra-print-bikini-top-in-brown/205458000-1-brown,south-beach-curve/south-beach-curve-zebra-print-bikini-in-brown/grp/205977757#colourWayId-205458001&productId-205458000
74,ASOS DESIGN lace scoop neck cami slip dress in black with camel lining,ASOS DESIGN,€37.99,images.asos-media.com/products/asos-design-lace-scoop-neck-cami-slip-dress-in-black-with-camel-lining/205910919-1-black,asos-design/asos-design-lace-scoop-neck-cami-slip-dress-in-black-with-camel-lining/prd/205910919#colourWayId-205910929
75,ASOS DESIGN high halter neck midi dress in black,ASOS DESIGN,€34.99,images.asos-media.com/products/asos-design-high-halter-neck-midi-dress-in-black/205913229-1-black,asos-design/asos-design-high-halter-neck-midi-dress-in-black/prd/205913229#colourWayId-205913230
76,South Beach Curve zebra print bikini in brown,South Beach Curve,€47.98,images.asos-media.com/groups/south-beach-curve-zebra-print-bikini-in-brown/205977757-group-1,south-beach-curve/south-beach-curve-zebra-print-bikini-in-brown/grp/205977757
77,South Beach gold buckle bikini in brown metallic,South Beach,€48.98,images.asos-media.com/groups/south-beach-gold-buckle-bikini-in-brown-metallic/205977759-group-1,south-beach/south-beach-gold-buckle-bikini-in-brown-metallic/grp/205977759
78,South Beach Curve gold buckle bikini in brown metallic,South Beach Curve,€50.98,images.asos-media.com/groups/south-beach-curve-gold-buckle-bikini-in-brown-metallic/205977763-group-1,south-beach-curve/south-beach-curve-gold-buckle-bikini-in-brown-metallic/grp/205977763
79,ASOS DESIGN wrap mini tea dress with buttons in cherry print,ASOS DESIGN,€39.99,images.asos-media.com/products/asos-design-wrap-mini-tea-dress-with-buttons-in-cherry-print/205653475-1-cherryprint,asos-design/asos-design-wrap-mini-tea-dress-with-buttons-in-cherry-print/prd/205653475#colourWayId-205653486
80,Threadbare Ski ribbed base layer top and leggings set in black,Threadbare Fitness,€34.99,images.asos-media.com/products/threadbare-ski-ribbed-base-layer-top-and-leggings-set-in-black/205245096-1-black,threadbare-fitness/threadbare-ski-ribbed-base-layer-top-and-leggings-set-in-black/prd/205245096#colourWayId-205245117
81,Threadbare Petite Ski ribbed base layer top and leggings set in black,Threadbare Fitness Petite,€34.99,images.asos-media.com/products/threadbare-petite-ski-ribbed-base-layer-top-and-leggings-set-in-black/205312124-1-black,threadbare-fitness-petite/threadbare-petite-ski-ribbed-base-layer-top-and-leggings-set-in-black/prd/205312124#colourWayId-205312125
82,Pink Honey Contour Cakes - Cupcake Cutie,Pink Honey,€24.99,images.asos-media.com/products/pink-honey-contour-cakes-cupcake-cutie/205750487-1-cupcakecutie,pink-honey/pink-honey-contour-cakes-cupcake-cutie/prd/205750487#colourWayId-205750489
83,Pink Honey Contour Cakes - Smores & Kisses,Pink Honey,€24.99,images.asos-media.com/products/pink-honey-contour-cakes-smores-kisses/205750529-1-smoreskisses,pink-honey/pink-honey-contour-cakes-smores-kisses/prd/205750529#colourWayId-205750542
84,Pink Honey Contour Cakes - Shortbread Sugar,Pink Honey,€24.99,images.asos-media.com/products/pink-honey-contour-cakes-shortbread-sugar/205750616-1-shortbreadsugar,pink-honey/pink-honey-contour-cakes-shortbread-sugar/prd/205750616#colourWayId-205750619
85,Pink Honey Contour Cakes - Brownie Bae,Pink Honey,€24.99,images.asos-media.com/products/pink-honey-contour-cakes-brownie-bae/205750636-1-browniebae,pink-honey/pink-honey-contour-cakes-brownie-bae/prd/205750636#colourWayId-205750641
86,ASOS DESIGN long sleeve keyhole detail jumpsuit in black,ASOS DESIGN,€37.99,images.asos-media.com/products/asos-design-long-sleeve-keyhole-detail-jumpsuit-in-black/205946816-1-black,asos-design/asos-design-long-sleeve-keyhole-detail-jumpsuit-in-black/prd/205946816#colourWayId-205946817
87,Threadbare Ski ribbed zip through base layer jumpsuit in black,Threadbare Fitness,€40.99,images.asos-media.com/products/threadbare-ski-ribbed-zip-through-base-layer-jumpsuit-in-black/205244827-1-black,threadbare-fitness/threadbare-ski-ribbed-zip-through-base-layer-jumpsuit-in-black/prd/205244827#colourWayId-205244861
88,ASOS DESIGN lace halter jumpsuit with front split hem in black,ASOS DESIGN,€37.99,images.asos-media.com/products/asos-design-lace-halter-jumpsuit-with-front-split-hem-in-black/205956245-1-black,asos-design/asos-design-lace-halter-jumpsuit-with-front-split-hem-in-black/prd/205956245#colourWayId-205956246
89,ASOS DESIGN corset style sweetheart neck mesh bodysuit in chocolate,ASOS DESIGN,€29.99,images.asos-media.com/products/asos-design-corset-style-sweetheart-neck-mesh-bodysuit-in-chocolate/205199758-1-chocolate,asos-design/asos-design-corset-style-sweetheart-neck-mesh-bodysuit-in-chocolate/prd/205199758#colourWayId-205199759
90,Topshop Kort jeans in dirty bleach,Topshop,€54.99,images.asos-media.com/products/topshop-kort-jeans-in-dirty-bleach/205229044-1-dirtybleach,topshop/topshop-kort-jeans-in-dirty-bleach/prd/205229044#colourWayId-205229053
91,ASOS DESIGN slinky asymmetric cut out neck bodysuit in black,ASOS DESIGN,€29.99,images.asos-media.com/products/asos-design-slinky-asymmetric-cut-out-neck-bodysuit-in-black/206022318-1-black,asos-design/asos-design-slinky-asymmetric-cut-out-neck-bodysuit-in-black/prd/206022318#colourWayId-206022319
92,& Other Stories mini body mist in Sicilian Sunrise,& Other Stories,€8.99,images.asos-media.com/products/other-stories-mini-body-mist-in-sicilian-sunrise/205791718-1-siciliansunrise,other-stories/other-stories-mini-body-mist-in-sicilian-sunrise/prd/205791718#colourWayId-205791719
93,ASOS DESIGN slinky boat neck ruched top in charcoal,ASOS DESIGN,€27.99,images.asos-media.com/products/asos-design-slinky-boat-neck-ruched-top-in-charcoal/206022312-1-charcoal,asos-design/asos-design-slinky-boat-neck-ruched-top-in-charcoal/prd/206022312#colourWayId-206022313
94,ASOS DESIGN slinky base layer top with contrast neck trim in grey and ivory,ASOS DESIGN,€19.99,images.asos-media.com/products/asos-design-slinky-base-layer-top-with-contrast-neck-trim-in-grey-and-ivory/206022348-1-greyandivory,asos-design/asos-design-slinky-base-layer-top-with-contrast-neck-trim-in-grey-and-ivory/prd/206022348#colourWayId-206022349
95,COLLUSION knitted rib scoop neck jumper in khaki,Collusion,€17.99,images.asos-media.com/products/collusion-knitted-rib-scoop-neck-jumper-in-khaki/204845236-1-khaki,collusion/collusion-knitted-rib-scoop-neck-jumper-in-khaki/prd/204845236#colourWayId-204845238
96,South Beach zebra print beach trouser co-ord in brown,South Beach,€52.99,images.asos-media.com/products/south-beach-zebra-print-beach-trouser-co-ord-in-brown/205458738-1-brown,south-beach/south-beach-zebra-print-beach-co-ord-in-brown/grp/206129734#colourWayId-205458747&productId-205458738
97,South Beach zebra print beach co-ord in brown,South Beach,€105.98,images.asos-media.com/groups/south-beach-zebra-print-beach-co-ord-in-brown/206129734-group-1,south-beach/south-beach-zebra-print-beach-co-ord-in-brown/grp/206129734#colourWayId-205458715
98,South Beach Curve long sleeve maxi beach kimono in brown,South Beach Curve,€46.99,images.asos-media.com/products/south-beach-curve-long-sleeve-maxi-beach-kimono-in-brown/205458762-1-brown,south-beach-curve/south-beach-curve-long-sleeve-maxi-beach-kimono-in-brown/prd/205458762#colourWayId-205458764
99,ASOS EDITION boxy crop top with exaggerated shoulders and wide leg trouser in bl,ASOS EDITION,€124.27,images.asos-media.com/groups/asos-edition-boxy-crop-top-with-exaggerated-shoulders-and-wide-leg-trouser-in-bl/206118912-group-1,asos-edition/asos-edition-boxy-crop-top-with-exaggerated-shoulders-and-wide-leg-trouser-in-bl/grp/206118912
100,Y.A.S Bridal bow back button detail blazer and straight leg trouser co-ord in wh,Y.A.S,€261.98,images.asos-media.com/groups/yas-bridal-bow-back-button-detail-blazer-and-straight-leg-trouser-co-ord-in-wh/206140619-group-1,yas/yas-bridal-bow-back-button-detail-blazer-and-straight-leg-trouser-co-ord-in-wh/grp/206140619
101,NA-KD co-ord boat neck knitted jumper and skirt,NA-KD,€133.98,images.asos-media.com/groups/na-kd-co-ord-boat-neck-knitted-jumper-and-skirt/206144454-group-1,na-kd/na-kd-co-ord-boat-neck-knitted-jumper-and-skirt/grp/206144454
102,ASOS EDITION pleat front wide leg tailored trouser and double breasted herringbo,ASOS EDITION,€203.99,images.asos-media.com/groups/asos-edition-pleat-front-wide-leg-tailored-trouser-and-double-breasted-herringbo/205624051-group-1,asos-edition/asos-edition-pleat-front-wide-leg-tailored-trouser-and-double-breasted-herringbo/grp/205624051
103,COLLUSION exposed seam asymmetric check top and trouser skirt co-rd in multi,Collusion,€59.90,images.asos-media.com/groups/collusion-exposed-seam-asymmetric-check-top-and-trouser-skirt-co-rd-in-multi/206151895-group-1,collusion/collusion-exposed-seam-asymmetric-check-top-and-trouser-skirt-co-rd-in-multi/grp/206151895#colourWayId-205602639
104,ASOS EDITION plisse volume sleeve plunge neck top and trouser in rust,ASOS EDITION,€159.98,images.asos-media.com/groups/asos-edition-plisse-volume-sleeve-plunge-neck-top-and-trouser-in-rust/205921041-group-1,asos-edition/asos-edition-plisse-volume-sleeve-plunge-neck-top-and-trouser-in-rust/grp/205921041#colourWayId-205434140
105,Kulani Kinis grape spritz bikini in purple,Kulani Kinis,€133.98,images.asos-media.com/groups/kulani-kinis-grape-spritz-bikini-in-purple/206151884-group-1,kulani-kinis/kulani-kinis-grape-spritz-bikini-in-purple/grp/206151884#colourWayId-205518927
106,Kulani Kinis miami moon ditzy bikini in blue and orange,Kulani Kinis,€130.98,images.asos-media.com/groups/kulani-kinis-miami-moon-ditzy-bikini-in-blue-and-orange/206151885-group-1,kulani-kinis/kulani-kinis-miami-moon-ditzy-bikini-in-blue-and-orange/grp/206151885
107,Kulani Kinis citrus sunrise bikini in orange,Kulani Kinis,€130.98,images.asos-media.com/groups/kulani-kinis-citrus-sunrise-bikini-in-orange/206151886-group-1,kulani-kinis/kulani-kinis-citrus-sunrise-bikini-in-orange/grp/206151886
108,Kulani Kinis flamingo pink ribbed bikini in pink,Kulani Kinis,€130.98,images.asos-media.com/groups/kulani-kinis-flamingo-pink-ribbed-bikini-in-pink/206151887-group-1,kulani-kinis/kulani-kinis-flamingo-pink-ribbed-bikini-in-pink/grp/206151887#colourWayId-205518962
109,Kulani Kinis lemontini bikini in orange and yellow,Kulani Kinis,€130.98,images.asos-media.com/groups/kulani-kinis-lemontini-bikini-in-orange-and-yellow/206151888-group-1,kulani-kinis/kulani-kinis-lemontini-bikini-in-orange-and-yellow/grp/206151888
110,Kulani Kinis disco daisy slide bikini in multi,Kulani Kinis,€130.98,images.asos-media.com/groups/kulani-kinis-disco-daisy-slide-bikini-in-multi/206151889-group-1,kulani-kinis/kulani-kinis-disco-daisy-slide-bikini-in-multi/grp/206151889#colourWayId-205518934
111,Kulani Kinis pinky promise bikini in pink,Kulani Kinis,€130.98,images.asos-media.com/groups/kulani-kinis-pinky-promise-bikini-in-pink/206151890-group-1,kulani-kinis/kulani-kinis-pinky-promise-bikini-in-pink/grp/206151890
112,Y.A.S tailored blazer and trouser suit co-ord in brown,Y.A.S,€188.98,images.asos-media.com/groups/yas-tailored-blazer-and-trouser-suit-co-ord-in-brown/206157044-group-1,yas/yas-tailored-blazer-and-trouser-suit-co-ord-in-brown/grp/206157044#colourWayId-205783487
113,Y.A.S Bridal tailored blazer and trouser suit co-ord in white,Y.A.S,€188.98,images.asos-media.com/groups/yas-bridal-tailored-blazer-and-trouser-suit-co-ord-in-white/206157049-group-1,yas/yas-bridal-tailored-blazer-and-trouser-suit-co-ord-in-white/grp/206157049
114,ASOS DESIGN Maxwell flock heart set in bright pink,ASOS DESIGN,€31.98,images.asos-media.com/groups/asos-design-maxwell-flock-heart-set-in-bright-pink/206161720-group-1,asos-design/asos-design-maxwell-flock-heart-set-in-bright-pink/grp/206161720
115,In The Style contrast stitch denim shacket and skirt co-ord in dark blue,In The Style,€94.98,images.asos-media.com/groups/in-the-style-contrast-stitch-denim-shacket-and-skirt-co-ord-in-dark-blue/205990433-group-1,in-the-style/in-the-style-contrast-stitch-denim-shacket-and-skirt-co-ord-in-dark-blue/grp/205990433
116,ASOS LUXE bandeau waistcoat with tailored skinny flared trouser in grey,ASOS LUXE,€119.98,images.asos-media.com/groups/asos-luxe-bandeau-waistcoat-with-tailored-skinny-flared-trouser-in-grey/206161683-group-1,asos-luxe/asos-luxe-bandeau-waistcoat-with-tailored-skinny-flared-trouser-in-grey/grp/206161683
117,Topshop graphic license David Bowie baby tee in charcoal,Topshop,€32.99,images.asos-media.com/products/topshop-graphic-license-david-bowie-baby-tee-in-charcoal/205652619-1-charcoal,topshop/topshop-graphic-license-david-bowie-baby-tee-in-charcoal/prd/205652619#colourWayId-205652620
118,Topshop graphic sporty Lagos oversized tee in stone,Topshop,€32.99,images.asos-media.com/products/topshop-graphic-sporty-lagos-oversized-tee-in-stone/205861621-1-stone,topshop/topshop-graphic-sporty-lagos-oversized-tee-in-stone/prd/205861621#colourWayId-205861632
119,Bluebella Geneva delicate lace lingerie set in black,Bluebella,€79.98,images.asos-media.com/groups/bluebella-geneva-delicate-lace-lingerie-set-in-black/205558233-group-1,bluebella/bluebella-geneva-delicate-lace-lingerie-set-in-black/grp/205558233
120,Bluebella Catalina delicate floral lace lingerie set in red,Bluebella,€83.98,images.asos-media.com/groups/bluebella-catalina-delicate-floral-lace-lingerie-set-in-red/206151804-group-1,bluebella/bluebella-catalina-delicate-floral-lace-lingerie-set-in-red/grp/206151804
121,Ann Summers Heart Bouquet lingerie set in pink,Ann Summers,€50.98,images.asos-media.com/groups/ann-summers-heart-bouquet-lingerie-set-in-pink/206151814-group-1,ann-summers/ann-summers-heart-bouquet-lingerie-set-in-pink/grp/206151814
122,4th & Reckless lounge set in washed black,4th & Reckless,€100.98,images.asos-media.com/groups/4th-reckless-lounge-set-in-washed-black/206161794-group-1,4th-reckless/4th-reckless-lounge-set-in-washed-black/grp/206161794
123,4th & Reckless Sera lounge tracksuit in espresso,4th & Reckless,€103.98,images.asos-media.com/groups/4th-reckless-sera-lounge-tracksuit-in-espresso/206161797-group-1,4th-reckless/4th-reckless-sera-lounge-tracksuit-in-espresso/grp/206161797
124,Bluebella Astra delicate floral lace lingerie set in hot pink,Bluebella,€83.98,images.asos-media.com/groups/bluebella-astra-delicate-floral-lace-lingerie-set-in-hot-pink/206161798-group-1,bluebella/bluebella-astra-delicate-floral-lace-lingerie-set-in-hot-pink/grp/206161798
125,Bluebella Calista delicate floral lace lingerie set in red and black,Bluebella,€95.98,images.asos-media.com/groups/bluebella-calista-delicate-floral-lace-lingerie-set-in-red-and-black/206161800-group-1,bluebella/bluebella-calista-delicate-floral-lace-lingerie-set-in-red-and-black/grp/206161800
126,4th & Reckless Leo jersey rib pyjama lounge set in grey marl,4th & Reckless,€56.98,images.asos-media.com/groups/4th-reckless-leo-jersey-rib-pyjama-lounge-set-in-grey-marl/206161801-group-1,4th-reckless/4th-reckless-leo-jersey-rib-pyjama-lounge-set-in-grey-marl/grp/206161801
127,Bluebella Emery gold chain mesh panelled lingerie set in black,Bluebella,€98.98,images.asos-media.com/groups/bluebella-emery-gold-chain-mesh-panelled-lingerie-set-in-black/206161817-group-1,bluebella/bluebella-emery-gold-chain-mesh-panelled-lingerie-set-in-black/grp/206161817#colourWayId-205431036
128,1863 co-ord,Topshop,€100.98,images.asos-media.com/groups/1863-co-ord/206190493-group-1,topshop/1863-co-ord/grp/206190493#colourWayId-205684364
129,4th & Reckless tie front beach trouser co-ord in brown,4th & Reckless,€55.99,images.asos-media.com/products/4th-reckless-tie-front-beach-trouser-co-ord-in-brown/205390434-1-brown,4th-reckless/4th-reckless-beach-crop-top-and-trousers-in-browm/grp/206219518#colourWayId-205390442&productId-205390434
130,4th & Reckless cropped tie front linen beach top co-ord in brown,4th & Reckless,€46.99,images.asos-media.com/products/4th-reckless-cropped-tie-front-linen-beach-top-co-ord-in-brown/205390618-1-brown,4th-reckless/4th-reckless-beach-crop-top-and-trousers-in-browm/grp/206219518#colourWayId-205390619&productId-205390618
131,Candypants bikini in brown,Candypants,€58.98,images.asos-media.com/groups/candypants-bikini-in-brown/206177602-group-1,candypants/candypants-bikini-in-brown/grp/206177602
132,The frolic bikini in green,The Frolic,€53.98,images.asos-media.com/groups/the-frolic-bikini-in-green/206177604-group-1,the-frolic/the-frolic-bikini-in-green/grp/206177604#colourWayId-205477109
133,The Frolic retro heart bikini in blue and green,The Frolic,€59.98,images.asos-media.com/groups/the-frolic-retro-heart-bikini-in-blue-and-green/206181766-group-1,the-frolic/the-frolic-retro-heart-bikini-in-blue-and-green/grp/206181766
134,4th & Reckless beach crop top and trousers in browm,4th & Reckless,€102.98,images.asos-media.com/groups/4th-reckless-beach-crop-top-and-trousers-in-browm/206219518-group-1,4th-reckless/4th-reckless-beach-crop-top-and-trousers-in-browm/grp/206219518
135,ASOS DESIGN wide leg trouser & one shoulder top with tie in botanical green co-o,ASOS DESIGN,€97.98,images.asos-media.com/groups/asos-design-wide-leg-trouser-one-shoulder-top-with-tie-in-botanical-green-co-o/205912339-group-1,asos-design/asos-design-wide-leg-trouser-one-shoulder-top-with-tie-in-botanical-green-co-o/grp/205912339
136,In The Style denim crop shirt and jean co-ord in bleach wash black,In The Style,€97.98,images.asos-media.com/groups/in-the-style-denim-crop-shirt-and-jean-co-ord-in-bleach-wash-black/205990249-group-1,in-the-style/in-the-style-denim-crop-shirt-and-jean-co-ord-in-bleach-wash-black/grp/205990249
137,Kaiia diamante padlock bralette top mini skirt and blazer co-ord in black,Kaiia,€131.98,images.asos-media.com/groups/kaiia-diamante-padlock-bralette-top-mini-skirt-and-blazer-co-ord-in-black/205998064-group-1,kaiia/kaiia-diamante-padlock-bralette-top-mini-skirt-and-blazer-co-ord-in-black/grp/205998064
138,ASOS DESIGN Jacinda lace and satin set with bow in red,ASOS DESIGN,€30.98,images.asos-media.com/groups/asos-design-jacinda-lace-and-satin-set-with-bow-in-red/206161795-group-1,asos-design/asos-design-jacinda-lace-and-satin-set-with-bow-in-red/grp/206161795
139,ASOS DESIGN lounge mix & match check fluffy sock cardigan set in camel,ASOS DESIGN,€66.98,images.asos-media.com/groups/asos-design-lounge-mix-match-check-fluffy-sock-cardigan-set-in-camel/206161799-group-1,asos-design/asos-design-lounge-mix-match-check-fluffy-sock-cardigan-set-in-camel/grp/206161799
140,Weekday co-ord dot jacquard blazer and trousers in black,Weekday,€165.98,images.asos-media.com/groups/weekday-co-ord-dot-jacquard-blazer-and-trousers-in-black/206157045-group-1,weekday/weekday-co-ord-dot-jacquard-blazer-and-trousers-in-black/grp/206157045
141,Topshop graphic license Pink Floyd photographic oversized tee in ecru,Topshop,€39.99,images.asos-media.com/products/topshop-graphic-license-pink-floyd-photographic-oversized-tee-in-ecru/205683086-1-ecru,topshop/topshop-graphic-license-pink-floyd-photographic-oversized-tee-in-ecru/prd/205683086#colourWayId-205683089
142,Weekday co-ord lace up corset and slim trousers in black,Weekday,€157.98,images.asos-media.com/groups/weekday-co-ord-lace-up-corset-and-slim-trousers-in-black/206157046-group-1,weekday/weekday-co-ord-lace-up-corset-and-slim-trousers-in-black/grp/206157046
143,Monki triangle bikini top and tie side bikini bottom in purple,Monki,€36.98,images.asos-media.com/groups/monki-triangle-bikini-top-and-tie-side-bikini-bottom-in-purple/206174660-group-1,monki/monki-triangle-bikini-top-and-tie-side-bikini-bottom-in-purple/grp/206174660#colourWayId-205621835
